date,optiontype,feature,n,pearson,spearman
2026-09-09,CE,past_spot_return_pct,267,0.014553930721233833,0.02458236445279692
2026-09-09,CE,past_midpoint_return_pct,267,7.975924732440917e-05,0.016431528258849443
2026-09-09,CE,past_oi_change_pct,267,0.01750655934627206,-0.03975707964734329
2026-09-09,CE,past_volume_increment,267,0.07817105635266342,0.05948495964067276
2026-09-09,CE,iv_decimal,254,-0.02181091166030889,-0.0076779967678850675
2026-09-09,CE,past_iv_change_pp,248,-0.06452173749665178,-0.060076596605700874
2026-09-09,CE,delta,254,-0.11371761741585293,-0.09884850364207272
2026-09-09,CE,gamma,254,0.03630663650564439,0.026266257957385786
2026-09-09,CE,theta_daily_pct_midpoint,254,-0.10376197135665893,-0.08598000465008131
2026-09-09,CE,vega_pct_midpoint_per_iv_pp,254,0.10991533894921944,0.09261021516695427
2026-09-09,CE,spread_pct,267,0.025266641539006044,0.0039211180371984495
2026-09-09,CE,spot_moneyness_pct,267,-0.11708122737480045,-0.09638378372249191
2026-09-09,CE,days_to_expiry,267,0.0390897896637335,0.06257510285860528
2026-09-09,PE,past_spot_return_pct,267,-0.06361820553428749,-0.03390608446351023
2026-09-09,PE,past_midpoint_return_pct,267,0.049711193918137525,0.04059716642262827
2026-09-09,PE,past_oi_change_pct,267,-0.038292284683185386,-0.07833741631310102
2026-09-09,PE,past_volume_increment,267,0.041302495921471345,-0.03609951599999422
2026-09-09,PE,iv_decimal,254,0.015756190512322066,-0.011257367072549774
2026-09-09,PE,past_iv_change_pp,248,0.05147425058986463,0.05937423492697033
2026-09-09,PE,delta,254,0.0985776678240307,0.09200874813466328
2026-09-09,PE,gamma,254,-0.027176718002730374,-0.015573305624338823
2026-09-09,PE,theta_daily_pct_midpoint,254,-0.10721153246923223,-0.10979647655645003
2026-09-09,PE,vega_pct_midpoint_per_iv_pp,254,0.08858845172153793,0.11025894184266848
2026-09-09,PE,spread_pct,267,0.02540175563672806,0.017550963345512666
2026-09-09,PE,spot_moneyness_pct,267,0.07527329275963822,0.0658008388076901
2026-09-09,PE,days_to_expiry,267,-0.04782510214512309,-0.06878792478238786
2026-09-10,CE,past_spot_return_pct,278,-0.0592148308805827,-0.02261047847865865
2026-09-10,CE,past_midpoint_return_pct,278,-0.026365613800795922,0.011584074745767592
2026-09-10,CE,past_oi_change_pct,278,0.10244043484038348,0.10105232702888593
2026-09-10,CE,past_volume_increment,278,0.01951566634377797,0.06791094002476517
2026-09-10,CE,iv_decimal,273,0.008063606119966288,-0.04006925654116328
2026-09-10,CE,past_iv_change_pp,269,-0.08766253494485994,-0.01524353706156373
2026-09-10,CE,delta,273,-0.06738966202522656,-0.05553541230640498
2026-09-10,CE,gamma,273,0.01288924553546623,0.05348681771123291
2026-09-10,CE,theta_daily_pct_midpoint,273,-0.06888028191719364,-0.05678963888041553
2026-09-10,CE,vega_pct_midpoint_per_iv_pp,273,0.060459724892433654,0.05803439580999746
2026-09-10,CE,spread_pct,278,0.0022428906232786166,-0.007691634223728966
2026-09-10,CE,spot_moneyness_pct,278,-0.08823238494892809,-0.09246541497891414
2026-09-10,CE,days_to_expiry,278,0.00782050647654808,-0.03651300967094268
2026-09-10,PE,past_spot_return_pct,278,0.054977798188408596,0.035780909735178466
2026-09-10,PE,past_midpoint_return_pct,278,-0.04907071129682177,-0.019594345139519877
2026-09-10,PE,past_oi_change_pct,278,-0.11890794489072659,0.026441736063820463
2026-09-10,PE,past_volume_increment,278,-0.12172238467421324,-0.08351036660479319
2026-09-10,PE,iv_decimal,273,-0.045220583286803534,0.027032158123324095
2026-09-10,PE,past_iv_change_pp,269,-0.0951577794436818,-0.08992665924957699
2026-09-10,PE,delta,273,0.07714305027243819,0.0718314452956589
2026-09-10,PE,gamma,273,0.008768669694283778,-0.04873042471488935
2026-09-10,PE,theta_daily_pct_midpoint,273,-0.08002716771529002,-0.06525227560351698
2026-09-10,PE,vega_pct_midpoint_per_iv_pp,273,0.10198696875000265,0.07377684053207041
2026-09-10,PE,spread_pct,278,-0.0644890301439374,-0.02018577035926032
2026-09-10,PE,spot_moneyness_pct,278,0.09029804323112954,0.10581966858116047
2026-09-10,PE,days_to_expiry,278,-0.008780270893998875,0.05453814023961764
2026-09-11,CE,past_spot_return_pct,293,-0.03992672022753609,-0.03460655483047286
2026-09-11,CE,past_midpoint_return_pct,293,-0.08252741267577776,-0.0776042081620443
2026-09-11,CE,past_oi_change_pct,293,0.05308395539662279,0.020830157822600906
2026-09-11,CE,past_volume_increment,293,-0.05763250482993883,-0.08643835890919332
2026-09-11,CE,iv_decimal,293,-0.08157463923465286,-0.056531604951594205
2026-09-11,CE,past_iv_change_pp,290,-0.016447418786788456,0.0475814078867243
2026-09-11,CE,delta,293,-0.19025813136203323,-0.18585039411567958
2026-09-11,CE,gamma,293,0.07804719830158537,0.06114802101324886
2026-09-11,CE,theta_daily_pct_midpoint,293,-0.18238772154717123,-0.1716600604117539
2026-09-11,CE,vega_pct_midpoint_per_iv_pp,293,0.1819286044309912,0.16568974240268586
2026-09-11,CE,spread_pct,293,-0.14151222063798535,-0.10735787221651574
2026-09-11,CE,spot_moneyness_pct,293,-0.1550419150098302,-0.14992990892005081
2026-09-11,CE,days_to_expiry,293,0.048512886690774554,0.0344283806338586
2026-09-11,PE,past_spot_return_pct,293,0.04916789952077895,0.05081486002615446
2026-09-11,PE,past_midpoint_return_pct,293,-0.10234189979019591,-0.10806029135238596
2026-09-11,PE,past_oi_change_pct,293,0.015806144117121147,0.02510755875702363
2026-09-11,PE,past_volume_increment,293,0.06443250129508572,0.09042893993238256
2026-09-11,PE,iv_decimal,293,0.046798046821904506,0.059175116966114716
2026-09-11,PE,past_iv_change_pp,290,-0.03127656759128368,0.03670060799139463
2026-09-11,PE,delta,293,0.16581873743236847,0.1788069723400222
2026-09-11,PE,gamma,293,-0.04958177981496489,-0.06755494690179896
2026-09-11,PE,theta_daily_pct_midpoint,293,-0.16788909797592388,-0.19990203336232917
2026-09-11,PE,vega_pct_midpoint_per_iv_pp,293,0.18102100197992618,0.20057160324776147
2026-09-11,PE,spread_pct,293,0.05859358270311315,0.048324332744449305
2026-09-11,PE,spot_moneyness_pct,293,0.13188723449980427,0.14456684590570895
2026-09-11,PE,days_to_expiry,293,-0.03948677041695367,-0.0265237455791874
2026-09-15,CE,past_spot_return_pct,144,-0.1484008800053298,-0.1492244888117552
2026-09-15,CE,past_midpoint_return_pct,144,-0.2147811079109049,-0.18791495860461369
2026-09-15,CE,past_oi_change_pct,144,-0.07389365097528237,-0.0457398922916164
2026-09-15,CE,past_volume_increment,144,0.10818297770982452,0.04490394662808456
2026-09-15,CE,iv_decimal,144,0.05092942866838129,0.08000747573692374
2026-09-15,CE,past_iv_change_pp,143,-0.11394188384975479,-0.1733630760636686
2026-09-15,CE,delta,144,-0.1474365126058024,-0.17819888071473286
2026-09-15,CE,gamma,144,0.033407395225293755,0.12139608207708241
2026-09-15,CE,theta_daily_pct_midpoint,144,-0.08946332650211133,-0.16541676714090497
2026-09-15,CE,vega_pct_midpoint_per_iv_pp,144,0.12866575165179833,0.12068965517241352
2026-09-15,CE,spread_pct,144,0.021425920483436535,0.06921518015831221
2026-09-15,CE,spot_moneyness_pct,144,-0.1722198676115626,-0.18262070018916157
2026-09-15,CE,days_to_expiry,144,-0.06661157638561467,-0.11857567719636684
2026-09-15,PE,past_spot_return_pct,144,0.1502974899739078,0.1485292063834107
2026-09-15,PE,past_midpoint_return_pct,144,-0.19516825514982838,-0.15280122176673905
2026-09-15,PE,past_oi_change_pct,144,0.10650324796730137,0.17458403665300234
2026-09-15,PE,past_volume_increment,144,-0.048676242417526085,0.0026404629852905936
2026-09-15,PE,iv_decimal,144,-0.17231629708358379,-0.16032965027318583
2026-09-15,PE,past_iv_change_pp,143,0.021916442905759465,0.018456859684990282
2026-09-15,PE,delta,144,0.13216004936666612,0.13906550169649223
2026-09-15,PE,gamma,144,-0.06849292581298333,-0.12602208446585508
2026-09-15,PE,theta_daily_pct_midpoint,144,0.02318776463369213,0.07224901535246418
2026-09-15,PE,vega_pct_midpoint_per_iv_pp,144,0.18741150951170313,0.19424081665460993
2026-09-15,PE,spread_pct,144,-0.1556299569862877,-0.09205560713964422
2026-09-15,PE,spot_moneyness_pct,144,0.16560702951868347,0.148196078274962
2026-09-15,PE,days_to_expiry,144,0.13835731466478163,0.14944136323446705
2026-09-16,CE,past_spot_return_pct,240,-0.16410857235065587,-0.09310187319115791
2026-09-16,CE,past_midpoint_return_pct,240,-0.12702589358481262,-0.06825295068184804
2026-09-16,CE,past_oi_change_pct,240,-0.10910226592264255,-0.17210068145729526
2026-09-16,CE,past_volume_increment,240,-0.1662924813959282,-0.04274600491849661
2026-09-16,CE,iv_decimal,240,-0.00040873262110405635,0.012830717116859871
2026-09-16,CE,past_iv_change_pp,234,0.07010562574877073,0.047370706592455646
2026-09-16,CE,delta,240,-0.1675820024027278,-0.1455292873867374
2026-09-16,CE,gamma,240,0.035465195783787484,0.027528906207972704
2026-09-16,CE,theta_daily_pct_midpoint,240,-0.15711053959684726,-0.13803931883351597
2026-09-16,CE,vega_pct_midpoint_per_iv_pp,240,0.13445440604129896,0.1099272795376855
2026-09-16,CE,spread_pct,240,-0.001529722780705724,-0.015334948239013487
2026-09-16,CE,spot_moneyness_pct,240,-0.14011017179599927,-0.11549639190406084
2026-09-16,CE,days_to_expiry,240,-0.04800171814328898,-0.046531199875693416
2026-09-16,PE,past_spot_return_pct,240,0.17397576067817155,0.10339190700809324
2026-09-16,PE,past_midpoint_return_pct,240,-0.13557502711641373,-0.04911196374937062
2026-09-16,PE,past_oi_change_pct,240,0.07710525213197848,0.03448063334432898
2026-09-16,PE,past_volume_increment,240,0.1191252430255389,0.014387421293031085
2026-09-16,PE,iv_decimal,240,0.01639623474358608,-0.016608042304145323
2026-09-16,PE,past_iv_change_pp,234,-0.026987413273931962,-0.02039695250096813
2026-09-16,PE,delta,240,0.15407091370514478,0.11298558122599037
2026-09-16,PE,gamma,240,-0.05454812092994639,-0.031130614917966957
2026-09-16,PE,theta_daily_pct_midpoint,240,-0.1277557933010835,-0.09066129620305904
2026-09-16,PE,vega_pct_midpoint_per_iv_pp,240,0.14520122725298312,0.1204239656938489
2026-09-16,PE,spread_pct,240,0.030852736118827672,0.04039975702634402
2026-09-16,PE,spot_moneyness_pct,240,0.11323878714872622,0.07583264917155752
2026-09-16,PE,days_to_expiry,240,0.08495204586454126,0.06948124099376729
2026-09-17,CE,past_spot_return_pct,281,-0.06243433719963109,-0.031126211799157366
2026-09-17,CE,past_midpoint_return_pct,281,-0.08218595450053845,-0.07239675107005059
2026-09-17,CE,past_oi_change_pct,281,-0.06293655444512129,-0.02736375048067474
2026-09-17,CE,past_volume_increment,281,0.02315866410520328,0.036655670046781566
2026-09-17,CE,iv_decimal,281,0.004040529097667125,0.038973096796361975
2026-09-17,CE,past_iv_change_pp,281,-0.03378557792510944,-0.055583580478284794
2026-09-17,CE,delta,281,-0.19946519777937635,-0.18091145576116224
2026-09-17,CE,gamma,281,0.005407614043041286,-0.022665542596099826
2026-09-17,CE,theta_daily_pct_midpoint,281,-0.17756845665801088,-0.16223385987620395
2026-09-17,CE,vega_pct_midpoint_per_iv_pp,281,0.1446899716829338,0.12225233493729938
2026-09-17,CE,spread_pct,281,-0.059309369301462495,-0.06559118820130976
2026-09-17,CE,spot_moneyness_pct,281,-0.16714457889711257,-0.1449723186237853
2026-09-17,CE,days_to_expiry,281,0.018232901502683255,0.03539791420022054
2026-09-17,PE,past_spot_return_pct,281,0.08174683291751582,0.032282542572796946
2026-09-17,PE,past_midpoint_return_pct,281,-0.09065410990764766,-0.04770035370853122
2026-09-17,PE,past_oi_change_pct,281,-0.06064698508919806,-0.004781014397126793
2026-09-17,PE,past_volume_increment,281,0.02323704229051912,-0.028794810541389187
2026-09-17,PE,iv_decimal,281,-0.03742283975700564,-0.05896031866642466
2026-09-17,PE,past_iv_change_pp,281,-0.006672101972488035,0.028282121668580858
2026-09-17,PE,delta,281,0.20230128592993651,0.17771566458201862
2026-09-17,PE,gamma,281,0.01924279850903289,0.0440831747432038
2026-09-17,PE,theta_daily_pct_midpoint,281,-0.2118093566724971,-0.1813502579800755
2026-09-17,PE,vega_pct_midpoint_per_iv_pp,281,0.2232750649699257,0.19949539746238432
2026-09-17,PE,spread_pct,281,-0.0506730882174796,-0.022000294487519112
2026-09-17,PE,spot_moneyness_pct,281,0.17768467593560786,0.143962171985474
2026-09-17,PE,days_to_expiry,281,-0.026387997192215237,-0.043981005743706676
2026-09-18,CE,past_spot_return_pct,285,-0.09663012359365757,-0.07530642842009336
2026-09-18,CE,past_midpoint_return_pct,285,-0.08553704847356847,-0.08588958486337847
2026-09-18,CE,past_oi_change_pct,285,0.04359192963500881,0.08113133286134494
2026-09-18,CE,past_volume_increment,285,-0.0217061653570621,-0.007868820676085256
2026-09-18,CE,iv_decimal,285,-0.012342540867862545,-0.012982003956588583
2026-09-18,CE,past_iv_change_pp,283,0.07490888058002855,0.10450364915324521
2026-09-18,CE,delta,285,-0.15045721677376445,-0.13617173209460118
2026-09-18,CE,gamma,285,0.020526460326603258,0.020868128134198288
2026-09-18,CE,theta_daily_pct_midpoint,285,-0.1439007014786673,-0.13014925976626932
2026-09-18,CE,vega_pct_midpoint_per_iv_pp,285,0.1070474156523009,0.09753276158106847
2026-09-18,CE,spread_pct,285,0.009473901957624306,-0.01885525585792948
2026-09-18,CE,spot_moneyness_pct,285,-0.11066894820831111,-0.09762118094356795
2026-09-18,CE,days_to_expiry,285,-0.020243362897836924,-0.017702055615148267
2026-09-18,PE,past_spot_return_pct,285,0.12750452916692653,0.09263713748653281
2026-09-18,PE,past_midpoint_return_pct,285,-0.1360670766183351,-0.1049848942598188
2026-09-18,PE,past_oi_change_pct,285,-0.01309408895292103,0.004593407493460013
2026-09-18,PE,past_volume_increment,285,0.05595321977877444,0.030149780820411157
2026-09-18,PE,iv_decimal,285,-0.0035460900332571895,0.008366819121856515
2026-09-18,PE,past_iv_change_pp,283,-0.10178716878440301,-0.07325729717894364
2026-09-18,PE,delta,285,0.16339558276755695,0.15245310229922612
2026-09-18,PE,gamma,285,-0.007910500985816053,-0.020717192207611826
2026-09-18,PE,theta_daily_pct_midpoint,285,-0.16266841145794148,-0.14826426633782328
2026-09-18,PE,vega_pct_midpoint_per_iv_pp,285,0.1423504504969572,0.13991982661067892
2026-09-18,PE,spread_pct,285,-0.03183920849658533,-0.03787336346834665
2026-09-18,PE,spot_moneyness_pct,285,0.13157281517720543,0.1120778903743721
2026-09-18,PE,days_to_expiry,285,0.016014067740383393,0.024689630075444263
POOLED,CE,past_spot_return_pct,1788,-0.07945239741520874,-0.0526221272526435
POOLED,CE,past_midpoint_return_pct,1788,-0.10719604986815424,-0.06996413469406913
POOLED,CE,past_oi_change_pct,1788,0.003275918412017484,-0.004789512158111448
POOLED,CE,past_volume_increment,1788,-0.008590228558437545,0.004190970596633497
POOLED,CE,iv_decimal,1770,-0.05533615748893561,-0.019068106505879718
POOLED,CE,past_iv_change_pp,1748,-0.057187229284756835,-0.013615800272318075
POOLED,CE,delta,1770,-0.09033700090828022,-0.09172159699465224
POOLED,CE,gamma,1770,-0.031182491567049605,0.02235651005470645
POOLED,CE,theta_daily_pct_midpoint,1770,0.03592669314813569,-0.04280033648029294
POOLED,CE,vega_pct_midpoint_per_iv_pp,1770,0.09919388668800336,0.07427389055269651
POOLED,CE,spread_pct,1788,-0.029524732028297467,-0.026573737443303422
POOLED,CE,spot_moneyness_pct,1788,-0.1238076625488632,-0.10918730492640752
POOLED,CE,days_to_expiry,1788,0.03418072504566296,-0.011331251960641754
POOLED,PE,past_spot_return_pct,1788,0.0852109729627957,0.060122931171579345
POOLED,PE,past_midpoint_return_pct,1788,-0.11660219835030097,-0.06820493361795908
POOLED,PE,past_oi_change_pct,1788,-0.013276751002653471,0.017322796205776685
POOLED,PE,past_volume_increment,1788,0.029778382230321507,-0.002040428458722639
POOLED,PE,iv_decimal,1770,0.06128121146546819,0.012563912234543754
POOLED,PE,past_iv_change_pp,1748,0.0033182975444394315,0.0048778971617709456
POOLED,PE,delta,1770,0.08105640574884182,0.09166870715691708
POOLED,PE,gamma,1770,0.03773667518472877,-0.023125482829858063
POOLED,PE,theta_daily_pct_midpoint,1770,-0.0570341798052683,-0.03074839270448075
POOLED,PE,vega_pct_midpoint_per_iv_pp,1770,-0.024238498614067547,0.040393912749372506
POOLED,PE,spread_pct,1788,-0.02734116440457686,-0.016270177962101194
POOLED,PE,spot_moneyness_pct,1788,0.11467562553456562,0.09940593944802105
POOLED,PE,days_to_expiry,1788,-0.04229941870514387,0.018773940208780697
