date,optiontype,n,pearson,spearman,ltp_pearson,seconds_median,seconds_min,seconds_max,zero_spot_change,zero_midpoint_change,unique_contracts
2026-09-07,CE,61,0.4042160893319469,0.6090095387482082,0.3984472993041981,60.0,60.0,60.0,13,0,2
2026-09-07,PE,61,-0.44593941723372504,-0.6361161840325842,-0.4801599738982117,60.0,60.0,60.0,13,0,2
2026-09-08,CE,48,0.8371894967377798,0.8293027196832762,0.828082243944978,60.0,60.0,60.0,0,1,2
2026-09-08,PE,48,-0.887165173999647,-0.8546303383337133,-0.8683911700955931,60.0,60.0,60.0,0,0,2
2026-09-09,CE,184,0.8028596718661782,0.8035306889038483,0.7947147813742124,60.062372999999994,60.000469,64.991192,7,0,3
2026-09-09,PE,184,-0.7941529191579115,-0.7836386198640818,-0.7889551824714262,60.062372999999994,60.000469,64.991192,7,0,3
2026-09-10,CE,198,0.8753151074683759,0.8618986065009193,0.8740544457730408,60.023590999999996,60.000038,64.999593,9,1,2
2026-09-10,PE,198,-0.8327545862782465,-0.8513925530900098,-0.8323693774691672,60.023590999999996,60.000038,64.999593,9,3,2
2026-09-11,CE,204,0.8471920423830499,0.8637835870714402,0.8463093394954018,60.01041,60.00005,64.998733,8,2,5
2026-09-11,PE,204,-0.8320473259803789,-0.8573586329221108,-0.8277023109465109,60.01041,60.00005,64.998733,8,0,5
2026-09-15,CE,109,0.9034973136631677,0.8991900170445505,0.8961174018662211,60.009964,60.000074,64.998045,2,0,4
2026-09-15,PE,109,-0.9266950957182709,-0.9211353689754567,-0.9155592435268528,60.009964,60.000074,64.998045,2,0,4
2026-09-16,CE,187,0.9147576025763748,0.8817561511610198,0.9118168840284575,60.025464,60.000054,64.999417,9,2,3
2026-09-16,PE,187,-0.9168159267105184,-0.8925552395906705,-0.9092581085358274,60.025464,60.000054,64.999417,9,0,3
2026-09-17,CE,184,0.8807013159203797,0.8174754912039347,0.8677070600220352,60.0186525,60.000042,64.998551,11,1,4
2026-09-17,PE,184,-0.8890488672709309,-0.8256259709729556,-0.8813650666453315,60.0186525,60.000042,64.998551,11,1,4
2026-09-18,CE,198,0.821588765134034,0.8258976096763726,0.8159684429348751,60.016442999999995,60.0001,64.999306,10,0,3
2026-09-18,PE,198,-0.8292123323722588,-0.8305643923539555,-0.8272414809278121,60.016442999999995,60.0001,64.999306,10,2,3
POOLED,CE,1373,0.8466546215927253,0.8416359012135662,0.8405260915620942,60.015825,60.0,64.999593,69,7,17
POOLED,PE,1373,-0.8607015029043643,-0.845461668922944,-0.8553647191842042,60.015825,60.0,64.999593,69,6,17
